{"Number of models": 3, "Epochs": [5, 10, 15, 20, 25, 30, 35, 40, 45, 50, 55, 60, 65, 70, 75, 80, 85, 90, 95, 100], "Model 1": [0.7046052631578947, 0.783157894736842, 0.7943421052631578, 0.7989473684210526, 0.8114473684210526, 0.8131578947368421, 0.8157894736842105, 0.8114473684210526, 0.8144736842105263, 0.8168421052631579, 0.8167105263157894, 0.8202631578947368, 0.8227631578947369, 0.8223684210526315, 0.8227631578947369, 0.8247368421052632, 0.8247368421052632, 0.8231578947368421, 0.8257894736842105, 0.8251315789473684], "Model 2": [0.7165789473684211, 0.795, 0.8044736842105263, 0.8134210526315789, 0.8236842105263158, 0.8218421052631579, 0.8182894736842106, 0.8175, 0.8181578947368421, 0.8203947368421053, 0.8198684210526316, 0.8161842105263157, 0.8177631578947369, 0.8144736842105263, 0.8160526315789474, 0.8153947368421053, 0.8122368421052631, 0.8147368421052632, 0.814078947368421, 0.8151315789473684], "Model 3": [0.7169736842105263, 0.785921052631579, 0.7989473684210526, 0.7997368421052632, 0.8130263157894737, 0.8163157894736842, 0.82, 0.8232894736842106, 0.8235526315789473, 0.8268421052631579, 0.8264473684210526, 0.8272368421052632, 0.8301315789473684, 0.8310526315789474, 0.8302631578947368, 0.8314473684210526, 0.8319736842105263, 0.8315789473684211, 0.8319736842105263, 0.8319736842105263], "Deep Ensembles": [0.7610526315789473, 0.8196052631578947, 0.8275, 0.8306578947368422, 0.8371052631578947, 0.8392105263157895, 0.8378947368421052, 0.8380263157894737, 0.8361842105263158, 0.8401315789473685, 0.8397368421052631, 0.8385526315789473, 0.8398684210526316, 0.8409210526315789, 0.8414473684210526, 0.8398684210526316, 0.8410526315789474, 0.8405263157894737, 0.8406578947368422, 0.8406578947368422], "Flow Ensembles": [0.7707894736842106, 0.8214473684210526, 0.8322368421052632, 0.8348684210526316, 0.8411842105263158, 0.8431578947368421, 0.8438157894736842, 0.8443421052631579, 0.8428947368421053, 0.8455263157894737, 0.8448684210526316, 0.845657894736842, 0.8465789473684211, 0.8467105263157895, 0.8468421052631578, 0.8469736842105263, 0.8464473684210526, 0.8476315789473684, 0.8468421052631578, 0.8469736842105263]}